INSERT INTO ciclistas VALUES('Mario', 'Moreira Silva', '1875-25-08', '662353018', 'Mario5558@gmail.com', NULL);
INSERT INTO ciclistas VALUES('Tiago', 'Costa Almeida', '1988-05-19', '662353019', 'tiago.costa1@example.com', NULL);
INSERT INTO ciclistas VALUES('Sofia', 'Pereira Silva', '1994-11-03', '662353020', 'sofia.pereira2@example.com', NULL);
INSERT INTO ciclistas VALUES('Bruno', 'Rodrigues Santos', '1986-07-27', '662353021', 'bruno.rodrigues3@example.com', NULL);
INSERT INTO ciclistas VALUES('Mariana', 'Carvalho Nunes', '1992-01-15', '662353022', 'mariana.carvalho4@example.com', NULL);
INSERT INTO ciclistas VALUES('Ricardo', 'Oliveira Martins', '1980-09-08', '662353023', 'ricardo.oliveira5@example.com', NULL);
INSERT INTO ciclistas VALUES('Beatriz', 'Sousa Lopes', '1997-03-22', '662353024', 'beatriz.sousa6@example.com', NULL);
INSERT INTO ciclistas VALUES('André', 'Fernandes Gomes', '1983-12-11', '662353025', 'andre.fernandes7@example.com', NULL);
INSERT INTO ciclistas VALUES('Catarina', 'Marques Teixeira', '1995-06-30', '662353026', 'catarina.marques8@example.com', NULL);
INSERT INTO ciclistas VALUES('Nuno', 'Ribeiro Correia', '1989-04-05', '662353027', 'nuno.ribeiro9@example.com', NULL);
INSERT INTO ciclistas VALUES('Inês', 'Machado Pinto', '1990-08-17', '662353028', 'ines.machado10@example.com', NULL);
INSERT INTO ciclistas VALUES('Pedro', 'Cardoso Barbosa', '1985-02-24', '662353029', 'pedro.cardoso11@example.com', NULL);
INSERT INTO ciclistas VALUES('Joana', 'Reis Coelho', '1998-10-09', '662353030', 'joana.reis12@example.com', NULL);
INSERT INTO ciclistas VALUES('Miguel', 'Monteiro Vieira', '1987-01-28', '662353031', 'miguel.monteiro13@example.com', NULL);
INSERT INTO ciclistas VALUES('Rita', 'Tavares Araújo', '1993-05-13', '662353032', 'rita.tavares14@example.com', NULL);
INSERT INTO ciclistas VALUES('Hugo', 'Neves Moreira', '1981-07-06', '662353033', 'hugo.neves15@example.com', NULL);
INSERT INTO ciclistas VALUES('Filipa', 'Antunes Cunha', '1996-09-21', '662353034', 'filipa.antunes16@example.com', NULL);
INSERT INTO ciclistas VALUES('Diogo', 'Pires Freitas', '1984-11-14', '662353035', 'diogo.pires17@example.com', NULL);
INSERT INTO ciclistas VALUES('Ana Luísa', 'Batista Andrade', '1999-02-02', '662353036', 'analuisa.batista18@example.com', NULL);
INSERT INTO ciclistas VALUES('Rui', 'Guerreiro Miranda', '1982-06-25', '662353037', 'rui.guerreiro19@example.com', NULL);
INSERT INTO ciclistas VALUES('Carla', 'Nogueira Pinheiro', '1991-04-10', '662353038', 'carla.nogueira20@example.com', NULL);
INSERT INTO ciclistas VALUES('Luís', 'Azevedo Faria', '1978-12-19', '662353039', 'luis.azevedo21@example.com', NULL);
INSERT INTO ciclistas VALUES('Vera', 'Lima Salgado', '1994-08-08', '662353040', 'vera.lima22@example.com', NULL);
INSERT INTO ciclistas VALUES('Gonçalo', 'Rocha Simões', '1986-03-16', '662353041', 'goncalo.rocha23@example.com', NULL);
INSERT INTO ciclistas VALUES('Helena', 'Alves Figueiredo', '1990-10-27', '662353042', 'helena.alves24@example.com', NULL);
INSERT INTO ciclistas VALUES('Tomás', 'Santana Duarte', '1988-01-04', '662353043', 'tomas.santana25@example.com', NULL);
INSERT INTO ciclistas VALUES('Cláudia', 'Faria Esteves', '1997-07-19', '662353044', 'claudia.faria26@example.com', NULL);
INSERT INTO ciclistas VALUES('Fábio', 'Correia Pacheco', '1983-05-31', '662353045', 'fabio.correia27@example.com', NULL);
INSERT INTO ciclistas VALUES('Sandra', 'Leal Campos', '1992-09-14', '662353046', 'sandra.leal28@example.com', NULL);
INSERT INTO ciclistas VALUES('Vasco', 'Amaral Serra', '1985-12-01', '662353047', 'vasco.amaral29@example.com', NULL);
INSERT INTO ciclistas VALUES('Margarida', 'Brito Cabral', '1996-04-23', '662353048', 'margarida.brito30@example.com', NULL);
INSERT INTO ciclistas VALUES('Duarte', 'Cunha Bastos', '1980-08-12', '662353049', 'duarte.cunha31@example.com', NULL);
INSERT INTO ciclistas VALUES('Alexandra', 'Freitas Nogueira', '1993-11-06', '662353050', 'alexandra.freitas32@example.com', NULL);
INSERT INTO ciclistas VALUES('Martim', 'Andrade Coutinho', '1987-02-20', '662353051', 'martim.andrade33@example.com', NULL);
INSERT INTO ciclistas VALUES('Daniela', 'Miranda Pimentel', '1995-06-17', '662353052', 'daniela.miranda34@example.com', NULL);
INSERT INTO ciclistas VALUES('Eduardo', 'Pinheiro Valente', '1979-10-03', '662353053', 'eduardo.pinheiro35@example.com', NULL);
INSERT INTO ciclistas VALUES('Sílvia', 'Faria Quintas', '1998-01-29', '662353054', 'silvia.faria36@example.com', NULL);
INSERT INTO ciclistas VALUES('João', 'Salgado Portela', '1984-07-08', '662353055', 'joao.salgado37@example.com', NULL);
INSERT INTO ciclistas VALUES('Teresa', 'Simões Abreu', '1991-03-25', '662353056', 'teresa.simoes38@example.com', NULL);
INSERT INTO ciclistas VALUES('Manuel', 'Figueiredo Castanheira', '1982-11-16', '662353057', 'manuel.figueiredo39@example.com', NULL);
INSERT INTO ciclistas VALUES('Cristiana', 'Duarte Xavier', '1994-05-02', '662353058', 'cristiana.duarte40@example.com', NULL);
INSERT INTO ciclistas VALUES('Renato', 'Esteves Marinho', '1986-09-27', '662353059', 'renato.esteves41@example.com', NULL);
INSERT INTO ciclistas VALUES('Ivone', 'Pacheco Braga', '1989-12-09', '662353060', 'ivone.pacheco42@example.com', NULL);
INSERT INTO ciclistas VALUES('Sérgio', 'Campos Falcão', '1981-04-14', '662353061', 'sergio.campos43@example.com', NULL);
INSERT INTO ciclistas VALUES('Bárbara', 'Serra Guedes', '1997-08-28', '662353062', 'barbara.serra44@example.com', NULL);
INSERT INTO ciclistas VALUES('Leonardo', 'Cabral Correia', '1985-10-19', '662353063', 'leonardo.cabral45@example.com', NULL);
INSERT INTO ciclistas VALUES('Ana Rita', 'Bastos Mendes', '1993-02-06', '662353064', 'anarita.bastos46@example.com', NULL);
INSERT INTO ciclistas VALUES('Osvaldo', 'Nogueira Barroso', '1978-06-21', '662353065', 'osvaldo.nogueira47@example.com', NULL);
INSERT INTO ciclistas VALUES('Marisa', 'Coutinho Peixoto', '1996-11-11', '662353066', 'marisa.coutinho48@example.com', NULL);
