INSERT INTO `día que practicó` (ciclista_id, fecha) VALUES
(1, '2026-09-20'),
(1, '2026-09-20'),
(2, '2026-09-21'),
(3, '2026-09-19'),
(4, '2026-09-22'),
(5, '2026-09-18'),
(6, '2026-09-20'),
(7, '2026-09-21'),
(8, '2026-09-19'),
(9, '2026-09-22'),
(10, '2026-09-18'),
(11, '2026-09-20'),
(12, '2026-09-21'),
(13, '2026-09-19'),
(14, '2026-09-22'),
(15, '2026-09-18'),
(16, '2026-09-20'),
(17, '2026-09-21'),
(18, '2026-09-19'),
(19, '2026-09-22'),
(20, '2026-09-18'),
(21, '2026-09-20'),
(22, '2026-09-21'),
(23, '2026-09-19'),
(24, '2026-09-22'),
(25, '2026-09-18'),
(26, '2026-09-20'),
(27, '2026-09-21'),
(28, '2026-09-19'),
(29, '2026-09-22'),
(30, '2026-09-18'),
(31, '2026-09-20'),
(32, '2026-09-21'),
(33, '2026-09-19'),
(34, '2026-09-22'),
(35, '2026-09-18'),
(36, '2026-09-20'),
(37, '2026-09-21'),
(38, '2026-09-19'),
(39, '2026-09-22'),
(40, '2026-09-18'),
(41, '2026-09-20'),
(42, '2026-09-21'),
(43, '2026-09-19'),
(44, '2026-09-22'),
(45, '2026-09-18'),
(46, '2026-09-20'),
(47, '2026-09-21'),
(48, '2026-09-19'),
(49, '2026-09-22'),
(50, '2026-09-18');
 
